{"cameraMode":{"drawMode":0,"name":"Shaded","section":"Shading Mode"},"sceneLighting":true,"audioPlay":false,"sceneViewState":{"m_AlwaysRefresh":false,"showFog":true,"showSkybox":true,"showFlares":true,"showImageEffects":true,"showParticleSystems":true,"showVisualEffectGraphs":true,"m_FxEnabled":true},"in2DMode":false,"pivot":{"x":1.5910472869873047,"y":2.7164297103881838,"z":-3.1183319091796877},"rotation":{"x":-0.06589668989181519,"y":0.9220547676086426,"z":-0.18097475171089173,"w":-0.3357394337654114},"size":12.123688697814942,"orthographic":false}